{
    "optimized_temperature": 1.5001592636108398,
    "ece_before": 0.04597616017352654,
    "ece_after": 0.04723571427166462,
    "brier_before": 0.9862912776026027,
    "brier_after": 0.9865015129445955
}