{
    "accuracy": 0.9185867895545314,
    "macro_avg_f1": 0.9204597052489093,
    "weighted_avg_f1": 0.9179924220192865
}