{
    "accuracy": 0.0625,
    "macro_avg_f1": 0.008333333333333333,
    "weighted_avg_f1": 0.008333333333333333
}