{
    "accuracy": 0.9185867895545314,
    "precision_weighted": 0.9260351107235173,
    "recall_weighted": 0.9185867895545314,
    "f1_weighted": 0.9179924220192865
}