{
    "accuracy": 0.125,
    "precision_weighted": 0.015625,
    "recall_weighted": 0.125,
    "f1_weighted": 0.027777777777777776
}