{
    "PyTorch_FP32": {
        "Accuracy": 0.9185867895545314,
        "Latency (ms)": 25.34516605376173,
        "Throughput (QPS)": 39.45525540763147,
        "Disk Size (MB)": 255.64506149291992,
        "RAM Usage (MB)": 152.88671875,
        "Cold Start (s)": 0.05481350002810359
    },
    "PyTorch_INT8": {
        "Accuracy": 0.9101382488479263,
        "Latency (ms)": 14.307379645163826,
        "Throughput (QPS)": 69.8940004949138,
        "Disk Size (MB)": 132.34477519989014,
        "RAM Usage (MB)": 265.66796875,
        "Cold Start (s)": 0.7402828000485897
    },
    "ONNX_FP32": {
        "Accuracy": 0.9185867895545314,
        "Latency (ms)": 25.475249616443516,
        "Throughput (QPS)": 39.253786127949446,
        "Disk Size (MB)": 256.43050384521484,
        "RAM Usage (MB)": 262.1796875,
        "Cold Start (s)": 0.49122129986062646
    },
    "ONNX_INT8": {
        "Accuracy": 0.9170506912442397,
        "Latency (ms)": 12.69682235200353,
        "Throughput (QPS)": 78.75986386800177,
        "Disk Size (MB)": 64.80999946594238,
        "RAM Usage (MB)": 70.328125,
        "Cold Start (s)": 0.17372360010631382
    }
}