epoch,train_loss,val_loss,val_accuracy
1,4.359541058540344,4.322008848190308,0.0
