epoch,train_loss,val_loss,val_accuracy
1,3.5462019979406936,1.8076375286753585,0.6822001527883881
2,0.9342559428390013,0.45589344530570797,0.8892284186401833
3,0.3036716456442433,0.32708757679636885,0.9083269671504965
4,0.15464303599220533,0.3056414054661262,0.9083269671504965
5,0.07940496244561782,0.30898508356838694,0.9121466768525592
6,0.042435198025464645,0.306171146107883,0.9213139801375095
